{
    "0": {
        "0": {
            "NHI": 20.570053448920934,
            "zabs": 3.969018240281778
        },
        "1": {
            "NHI": 20.718626986164253,
            "zabs": 3.8431239177794225
        },
        "nDLA": 2,
        "sl": 592
    },
    "1": {
        "nDLA": 0,
        "sl": 4429
    },
    "2": {
        "0": {
            "NHI": 20.83560534157145,
            "zabs": 3.6475679312529983
        },
        "nDLA": 1,
        "sl": 3970
    },
    "3": {
        "nDLA": 0,
        "sl": 2244
    },
    "4": {
        "nDLA": 0,
        "sl": 4655
    },
    "5": {
        "0": {
            "NHI": 20.43925967339404,
            "zabs": 2.3563653212697644
        },
        "nDLA": 1,
        "sl": 2404
    },
    "6": {
        "0": {
            "NHI": 20.572278675934367,
            "zabs": 2.228010797513051
        },
        "nDLA": 1,
        "sl": 1382
    },
    "7": {
        "nDLA": 0,
        "sl": 2807
    },
    "8": {
        "nDLA": 0,
        "sl": 4182
    },
    "9": {
        "nDLA": 0,
        "sl": 2080
    },
    "10": {
        "0": {
            "NHI": 20.349336245191378,
            "zabs": 2.835075417521801
        },
        "nDLA": 1,
        "sl": 3478
    },
    "11": {
        "nDLA": 0,
        "sl": 1160
    },
    "12": {
        "nDLA": 0,
        "sl": 4108
    },
    "13": {
        "nDLA": 0,
        "sl": 4678
    },
    "14": {
        "0": {
            "NHI": 21.286628841200358,
            "zabs": 3.2239531257237153
        },
        "nDLA": 1,
        "sl": 1597
    },
    "15": {
        "nDLA": 0,
        "sl": 3986
    },
    "16": {
        "nDLA": 0,
        "sl": 4695
    },
    "17": {
        "0": {
            "NHI": 20.432022413597913,
            "zabs": 2.6403199858220288
        },
        "nDLA": 1,
        "sl": 1984
    },
    "18": {
        "nDLA": 0,
        "sl": 677
    },
    "19": {
        "nDLA": 0,
        "sl": 4019
    },
    "20": {
        "0": {
            "NHI": 20.379390735307183,
            "zabs": 3.6527666431336536
        },
        "1": {
            "NHI": 21.077774119377747,
            "zabs": 3.631612455806425
        },
        "2": {
            "NHI": 21.290828861820664,
            "zabs": 3.7426111995431213
        },
        "nDLA": 3,
        "sl": 3052
    },
    "21": {
        "nDLA": 0,
        "sl": 404
    },
    "22": {
        "0": {
            "NHI": 20.3818665848047,
            "zabs": 3.440265394497734
        },
        "nDLA": 1,
        "sl": 2369
    },
    "23": {
        "0": {
            "NHI": 20.387587646191573,
            "zabs": 2.5653828268872196
        },
        "nDLA": 1,
        "sl": 4349
    },
    "24": {
        "nDLA": 0,
        "sl": 1785
    },
    "25": {
        "nDLA": 0,
        "sl": 3570
    },
    "26": {
        "0": {
            "NHI": 20.416153492631032,
            "zabs": 2.6379032048630275
        },
        "nDLA": 1,
        "sl": 2104
    },
    "27": {
        "nDLA": 0,
        "sl": 3457
    },
    "28": {
        "0": {
            "NHI": 20.973828804010306,
            "zabs": 2.180874135135383
        },
        "nDLA": 1,
        "sl": 1735
    },
    "29": {
        "nDLA": 0,
        "sl": 47
    },
    "30": {
        "nDLA": 0,
        "sl": 1814
    },
    "31": {
        "0": {
            "NHI": 20.416537828760603,
            "zabs": 2.9501014909480068
        },
        "nDLA": 1,
        "sl": 4129
    },
    "32": {
        "nDLA": 0,
        "sl": 368
    },
    "33": {
        "0": {
            "NHI": 20.69070997322183,
            "zabs": 2.6681521048232146
        },
        "nDLA": 1,
        "sl": 58
    },
    "34": {
        "nDLA": 0,
        "sl": 2681
    },
    "35": {
        "nDLA": 0,
        "sl": 418
    },
    "36": {
        "0": {
            "NHI": 20.32200676288034,
            "zabs": 4.112976363439833
        },
        "nDLA": 1,
        "sl": 183
    },
    "37": {
        "nDLA": 0,
        "sl": 2755
    },
    "38": {
        "0": {
            "NHI": 20.59360516405966,
            "zabs": 2.2637100710916767
        },
        "nDLA": 1,
        "sl": 1396
    },
    "39": {
        "nDLA": 0,
        "sl": 2677
    },
    "40": {
        "0": {
            "NHI": 20.85241659550927,
            "zabs": 2.214713060953223
        },
        "nDLA": 1,
        "sl": 1081
    },
    "41": {
        "0": {
            "NHI": 20.651756103561144,
            "zabs": 3.4573708729657433
        },
        "nDLA": 1,
        "sl": 404
    },
    "42": {
        "0": {
            "NHI": 20.6220667000574,
            "zabs": 3.110366030531092
        },
        "nDLA": 1,
        "sl": 264
    },
    "43": {
        "nDLA": 0,
        "sl": 2800
    },
    "44": {
        "nDLA": 0,
        "sl": 1835
    },
    "45": {
        "nDLA": 0,
        "sl": 1554
    },
    "46": {
        "0": {
            "NHI": 20.37360535993672,
            "zabs": 3.400088637592026
        },
        "nDLA": 1,
        "sl": 3512
    },
    "47": {
        "nDLA": 0,
        "sl": 4051
    },
    "48": {
        "0": {
            "NHI": 20.471690275680576,
            "zabs": 3.0939759115397147
        },
        "1": {
            "NHI": 20.612818197842692,
            "zabs": 3.128179152407228
        },
        "nDLA": 2,
        "sl": 3294
    },
    "49": {
        "nDLA": 0,
        "sl": 1758
    },
    "50": {
        "0": {
            "NHI": 20.365725162401137,
            "zabs": 3.269024316954188
        },
        "nDLA": 1,
        "sl": 660
    },
    "51": {
        "nDLA": 0,
        "sl": 1750
    },
    "52": {
        "nDLA": 0,
        "sl": 4645
    },
    "53": {
        "0": {
            "NHI": 21.075533407131662,
            "zabs": 2.3540297237701027
        },
        "nDLA": 1,
        "sl": 1957
    },
    "54": {
        "nDLA": 0,
        "sl": 4024
    },
    "55": {
        "nDLA": 0,
        "sl": 1041
    },
    "56": {
        "nDLA": 0,
        "sl": 449
    },
    "57": {
        "nDLA": 0,
        "sl": 90
    },
    "58": {
        "nDLA": 0,
        "sl": 2240
    },
    "59": {
        "nDLA": 0,
        "sl": 2677
    },
    "60": {
        "0": {
            "NHI": 20.419167399458164,
            "zabs": 2.6630276381240745
        },
        "nDLA": 1,
        "sl": 2213
    },
    "61": {
        "nDLA": 0,
        "sl": 2505
    },
    "62": {
        "0": {
            "NHI": 20.479154466484818,
            "zabs": 3.8657047827951723
        },
        "nDLA": 1,
        "sl": 3205
    },
    "63": {
        "0": {
            "NHI": 20.591145101847417,
            "zabs": 2.9506292354705317
        },
        "nDLA": 1,
        "sl": 145
    },
    "64": {
        "0": {
            "NHI": 20.689550604700155,
            "zabs": 4.280865118896826
        },
        "nDLA": 1,
        "sl": 679
    },
    "65": {
        "0": {
            "NHI": 20.822598630454827,
            "zabs": 3.9639141856819333
        },
        "nDLA": 1,
        "sl": 4522
    },
    "66": {
        "0": {
            "NHI": 20.465048983509742,
            "zabs": 3.445026839133742
        },
        "nDLA": 1,
        "sl": 3616
    },
    "67": {
        "nDLA": 0,
        "sl": 4017
    },
    "68": {
        "0": {
            "NHI": 20.563523077683644,
            "zabs": 4.2348034608696
        },
        "nDLA": 1,
        "sl": 145
    },
    "69": {
        "0": {
            "NHI": 20.617475010875015,
            "zabs": 3.5480489378400457
        },
        "nDLA": 1,
        "sl": 660
    },
    "70": {
        "nDLA": 0,
        "sl": 4376
    },
    "71": {
        "nDLA": 0,
        "sl": 3450
    },
    "72": {
        "0": {
            "NHI": 20.60240227014532,
            "zabs": 2.3040332895511706
        },
        "nDLA": 1,
        "sl": 1814
    },
    "73": {
        "0": {
            "NHI": 21.361524134270006,
            "zabs": 3.368228004927946
        },
        "nDLA": 1,